{
  "providers": {
    "awscloudformation": {
      "AuthRoleName": "amplify-fiveparsecscompanion-staging-13958-authRole",
      "UnauthRoleArn": "arn:aws:iam::210120940769:role/amplify-fiveparsecscompanion-staging-13958-unauthRole",
      "AuthRoleArn": "arn:aws:iam::210120940769:role/amplify-fiveparsecscompanion-staging-13958-authRole",
      "Region": "us-east-1",
      "DeploymentBucketName": "amplify-fiveparsecscompanion-staging-13958-deployment",
      "UnauthRoleName": "amplify-fiveparsecscompanion-staging-13958-unauthRole",
      "StackName": "amplify-fiveparsecscompanion-staging-13958",
      "StackId": "arn:aws:cloudformation:us-east-1:210120940769:stack/amplify-fiveparsecscompanion-staging-13958/464e0910-c27a-11eb-b18e-0a292b885373",
      "AmplifyAppId": "d1tp5cd86hfjxz"
    }
  },
  "api": {
    "amplifyDatasource": {
      "service": "AppSync",
      "providerPlugin": "awscloudformation",
      "output": {
        "authConfig": {
          "additionalAuthenticationProviders": [
            {
              "authenticationType": "AWS_IAM"
            }
          ],
          "defaultAuthentication": {
            "authenticationType": "API_KEY",
            "apiKeyConfig": {
              "apiKeyExpirationDays": 30,
              "description": "api key description"
            }
          }
        },
        "GraphQLAPIIdOutput": "zjsywlrqqvbaddyh6zoeq3vtq4",
        "GraphQLAPIEndpointOutput": "https://xqs7i6vflrfdhhbohf4vajwd4m.appsync-api.us-east-1.amazonaws.com/graphql",
        "GraphQLAPIKeyOutput": "da2-4nj4ci5uu5d6ja5tmovtl5bgru"
      },
      "lastPushTimeStamp": "2021-06-01T11:19:12.001Z",
      "providerMetadata": {
        "s3TemplateURL": "https://s3.amazonaws.com/amplify-fiveparsecscompanion-staging-13958-deployment/amplify-cfn-templates/api/cloudformation-template.json",
        "logicalId": "apiamplifyDatasource"
      },
      "lastPushDirHash": "om91K9bXDmOJ34IKHeUukgha5fw="
    }
  }
}